ord,date_from,date_to,release,days,contributions,pushes,issue_evs,pr_evs,pr_reviews,comment_evs,contributors,committers,issuers,pr_creators,pr_reviewers,commenters,contributing_coms,committing_coms,issuers_coms,pr_creating_coms,pr_reviewing_coms,commenting_coms,contributions_per_day,pushes_per_day,issue_evs_per_day,pr_evs_per_day,pr_reviews_per_day,comment_evs_per_day,top_contributors,top_contributors_coms,n_top_contributing_coms,top_contributions,top_contributions_perc,top_committers,top_committers_coms,n_top_committing_coms,top_commits,top_commits_perc,top_issuers,top_issuers_coms,n_top_issuers_coms,top_issues,top_issues_perc,top_pr_creators,top_pr_creators_coms,n_top_pr_creators_coms,top_prs,top_prs_perc,top_reviewers,top_reviewers_coms,n_top_reviewers_coms,top_reviews,top_reviews_perc,top_commenters,top_commenters_coms,n_top_commenters_coms,top_comments,top_comments_perc
1,2014-01-06T00:00:00Z,2016-05-09T00:00:00Z,Before joining CNCF,854,12395,5831,2158,4406,5777,11986,570,15,337,351,132,543,178,11,93,152,71,157,14.514051522248243,6.827868852459017,2.5269320843091334,5.159250585480094,6.76463700234192,14.035128805620609,"juliusv,fabxc",SoundCloud,1,4697,37.8943122226704316,"fabxc,juliusv",SoundCloud,1,2729,46.8015777739667295,"juliusv,brian-brazil","SoundCloud,Robust Perception",2,467,21.6404077849860982,"juliusv,fabxc",SoundCloud,1,1564,35.4970494779845665,"juliusv,brian-brazil","SoundCloud,Robust Perception",2,2510,43.4481564826034274,"juliusv,brian-brazil","SoundCloud,Robust Perception",2,3665,30.5773402302686468
2,2016-05-09T00:00:00Z,2018-04-13T00:00:00Z,Since joining CNCF,704,20487,6226,6668,7593,9310,28914,2358,22,1672,1022,378,2634,380,13,220,307,146,365,29.100852272727273,8.84375,9.471590909090908,10.785511363636363,13.224431818181818,41.07102272727273,"brian-brazil,fabxc","Robust Perception,Red Hat",2,6195,30.2386879484551179,"brian-brazil,fabxc","Robust Perception,Red Hat",2,2444,39.2547381946675233,"brian-brazil,beorn7","Robust Perception,SoundCloud",2,1597,23.9502099580083983,"brian-brazil,fabxc","Robust Perception,Red Hat",2,2192,28.8686948505202160,"brian-brazil,grobie","Robust Perception,SoundCloud",2,3524,37.8517722878625134,"brian-brazil,beorn7","Robust Perception,SoundCloud",2,7948,27.4884139171335685
1001,2014-01-06T00:00:00Z,2015-01-26T14:54:01Z,start - v0.10.0,385,1002,630,122,250,412,495,19,9,13,14,8,19,10,5,7,8,5,10,2.602597402597403,1.6363636363636365,0.3168831168831169,0.6493506493506493,1.07012987012987,1.2857142857142858,"juliusv,u-c-l",SoundCloud,1,544,54.2914171656686627,"juliusv,u-c-l",SoundCloud,1,379,60.1587301587301587,"juliusv,grobie","SoundCloud,groom gbr",2,75,61.4754098360655738,"juliusv,beorn7",SoundCloud,1,134,53.6000000000000000,"juliusv,brian-brazil","SoundCloud,Boxever",2,333,80.8252427184466019,"juliusv,brian-brazil","SoundCloud,Boxever",2,285,57.5757575757575758
1002,2015-01-26T14:54:01Z,2016-06-15T15:52:52Z,v0.10.0 - v0.20.0,506,12202,5464,2281,4457,5650,12765,659,12,394,397,142,630,202,10,102,176,75,179,24.114624505928855,10.798418972332016,4.507905138339921,8.808300395256918,11.16600790513834,25.227272727272727,"fabxc,juliusv",SoundCloud,1,4292,35.1745615472873299,"fabxc,juliusv",SoundCloud,1,2465,45.1134699853587116,"brian-brazil,beorn7","Robust Perception,SoundCloud",2,481,21.0872424375274003,"juliusv,fabxc",SoundCloud,1,1482,33.2510657392865156,"juliusv,brian-brazil","SoundCloud,Robust Perception",2,2416,42.7610619469026549,"juliusv,brian-brazil","SoundCloud,Robust Perception",2,3745,29.3380336858597728
1003,2016-06-15T15:52:52Z,2016-07-18T14:19:29Z,v0.20.0 - v1.0.0,32,634,204,181,249,266,871,102,8,59,57,30,119,38,7,18,30,17,39,19.8125,6.375,5.65625,7.78125,8.3125,27.21875,"fabxc,brian-brazil","Red Hat,Robust Perception",2,349,55.0473186119873817,"fabxc,brian-brazil","Red Hat,Robust Perception",2,135,66.1764705882352941,"brian-brazil,fabxc","Robust Perception,Red Hat",2,74,40.8839779005524862,"fabxc,brian-brazil","Red Hat,Robust Perception",2,140,56.2248995983935743,"brian-brazil,beorn7","Robust Perception,SoundCloud",2,125,46.9924812030075188,"brian-brazil,fabxc","Robust Perception,Red Hat",2,364,41.7910447761194030
1004,2016-07-18T14:19:29Z,2016-09-03T19:01:04Z,v1.0.0 - v1.1.0,47,1283,494,343,446,746,1733,172,8,117,84,44,215,60,6,36,45,24,68,27.29787234042553,10.51063829787234,7.297872340425532,9.48936170212766,15.872340425531915,36.87234042553192,"fabxc,grobie","Red Hat,SoundCloud",2,396,30.8651597817614965,"fabxc,grobie","Red Hat,SoundCloud",2,205,41.4979757085020243,"beorn7,grobie",SoundCloud,1,80,23.3236151603498542,"fabxc,beorn7","Red Hat,SoundCloud",2,132,29.5964125560538117,"brian-brazil,beorn7","Robust Perception,SoundCloud",2,327,43.8337801608579088,"brian-brazil,beorn7","Robust Perception,SoundCloud",2,538,31.0444316214656665
1005,2016-09-03T19:01:04Z,2016-10-07T12:50:26Z,v1.1.0 - v1.2.0,33,936,329,239,368,536,1353,139,7,87,73,34,165,50,6,26,37,21,51,28.363636363636363,9.969696969696969,7.242424242424242,11.151515151515152,16.242424242424242,41,"juliusv,fabxc","Prometheus Consulting,Red Hat",2,258,27.5641025641025641,"juliusv,grobie","Prometheus Consulting,SoundCloud",2,129,39.2097264437689970,"beorn7,brian-brazil","SoundCloud,Robust Perception",2,58,24.2677824267782427,"juliusv,brian-brazil","Prometheus Consulting,Robust Perception",2,106,28.8043478260869565,"brian-brazil,juliusv","Robust Perception,Prometheus Consulting",2,224,41.7910447761194030,"brian-brazil,juliusv","Robust Perception,Prometheus Consulting",2,407,30.0813008130081301
1006,2016-10-07T12:50:26Z,2016-11-01T16:24:33Z,v1.2.0 - v1.3.0,25,600,209,143,248,246,747,102,8,63,55,27,143,41,6,24,29,16,56,24,8.36,5.72,9.92,9.84,29.88,"brian-brazil,beorn7","Robust Perception,SoundCloud",2,245,40.8333333333333333,"brian-brazil,grobie","Robust Perception,SoundCloud",2,104,49.7607655502392344,"brian-brazil,grobie","Robust Perception,SoundCloud",2,54,37.7622377622377622,"brian-brazil,beorn7","Robust Perception,SoundCloud",2,93,37.5000000000000000,"brian-brazil,beorn7","Robust Perception,SoundCloud",2,126,51.2195121951219512,"brian-brazil,beorn7","Robust Perception,SoundCloud",2,259,34.6720214190093708
1007,2016-11-01T16:24:33Z,2016-11-25T12:35:04Z,v1.3.0 - v1.4.0,23,584,184,194,206,239,842,108,7,77,46,20,121,33,5,23,22,12,35,25.391304347826086,8,8.434782608695652,8.956521739130435,10.391304347826088,36.608695652173914,"fabxc,beorn7","Red Hat,SoundCloud",2,226,38.6986301369863014,"fabxc,beorn7","Red Hat,SoundCloud",2,104,56.5217391304347826,"brian-brazil,beorn7","Robust Perception,SoundCloud",2,44,22.6804123711340206,"fabxc,beorn7","Red Hat,SoundCloud",2,96,46.6019417475728155,"brian-brazil,beorn7","Robust Perception,SoundCloud",2,140,58.5774058577405858,"brian-brazil,beorn7","Robust Perception,SoundCloud",2,268,31.8289786223277910
1008,2016-11-25T12:35:04Z,2017-01-23T13:09:57Z,v1.4.0 - v1.5.0,59,1108,309,412,387,500,1858,224,10,165,89,43,275,53,7,35,37,22,64,18.779661016949152,5.237288135593221,6.983050847457627,6.559322033898305,8.474576271186441,31.491525423728813,"brian-brazil,discordianfish","Robust Perception,imgix",2,322,29.0613718411552347,"brian-brazil,fabxc","Robust Perception,Red Hat",2,152,49.1909385113268608,"discordianfish,brian-brazil","imgix,Robust Perception",2,76,18.4466019417475728,"brian-brazil,discordianfish","Robust Perception,imgix",2,119,30.7493540051679587,"brian-brazil,discordianfish","Robust Perception,imgix",2,216,43.2000000000000000,"brian-brazil,discordianfish","Robust Perception,imgix",2,555,29.8708288482238967
1009,2017-01-23T13:09:57Z,2017-04-14T18:14:27Z,v1.5.0 - v1.6.0,81,2577,821,876,880,1163,3443,386,14,276,168,73,453,102,9,58,78,37,103,31.814814814814813,10.135802469135802,10.814814814814815,10.864197530864198,14.358024691358025,42.50617283950617,"brian-brazil,grobie","Robust Perception,SoundCloud",2,914,35.4675979821497866,"grobie,brian-brazil","SoundCloud,Robust Perception",2,351,42.7527405602923264,"brian-brazil,grobie","Robust Perception,SoundCloud",2,276,31.5068493150684932,"brian-brazil,beorn7","Robust Perception,SoundCloud",2,306,34.7727272727272727,"brian-brazil,beorn7","Robust Perception,SoundCloud",2,415,35.6835769561478934,"brian-brazil,juliusv","Robust Perception,Prometheus Consulting",2,1018,29.5672378739471391
1010,2017-04-14T18:14:27Z,2017-06-07T09:41:34Z,v1.6.0 - v1.7.0,53,2039,701,584,754,1038,2677,262,14,174,127,50,323,66,9,40,47,25,81,38.471698113207545,13.226415094339623,11.018867924528301,14.226415094339623,19.58490566037736,50.509433962264154,"brian-brazil,fabxc","Robust Perception,Red Hat",2,650,31.8783717508582639,"brian-brazil,fabxc","Robust Perception,Red Hat",2,274,39.0870185449358060,"brian-brazil,fabxc","Robust Perception,Red Hat",2,139,23.8013698630136986,"brian-brazil,fabxc","Robust Perception,Red Hat",2,237,31.4323607427055703,"brian-brazil,fabxc","Robust Perception,Red Hat",2,397,38.2466281310211946,"brian-brazil,fabxc","Robust Perception,Red Hat",2,771,28.8008965259618976
1011,2017-06-07T09:41:34Z,2017-10-06T22:10:48Z,v1.7.0 - v1.8.0,121,3873,1096,1426,1351,1621,5546,599,18,426,239,97,676,126,11,72,91,49,136,32.00826446280992,9.057851239669422,11.785123966942148,11.165289256198347,13.396694214876034,45.83471074380165,"brian-brazil,fabxc","Robust Perception,Red Hat",2,1252,32.3263619932868577,"brian-brazil,grobie","Robust Perception,SoundCloud",2,496,45.2554744525547445,"brian-brazil,fabxc","Robust Perception,Red Hat",2,378,26.5077138849929874,"brian-brazil,fabxc","Robust Perception,Red Hat",2,398,29.4596595114729830,"brian-brazil,grobie","Robust Perception,SoundCloud",2,795,49.0438001233806292,"brian-brazil,fabxc","Robust Perception,Red Hat",2,1489,26.8481788676523621
1012,2017-10-06T22:10:48Z,2017-11-08T07:09:51Z,v1.8.0 - v2.0.0,32,1267,387,363,517,516,1414,220,14,133,122,47,241,57,10,26,50,26,64,39.59375,12.09375,11.34375,16.15625,16.125,44.1875,"brian-brazil,grobie","Robust Perception,SoundCloud",2,419,33.0702446724546172,"grobie,brian-brazil","SoundCloud,Robust Perception",2,199,51.4211886304909561,"brian-brazil,grobie","Robust Perception,SoundCloud",2,96,26.4462809917355372,"brian-brazil,fabxc","Robust Perception,Red Hat",2,158,30.5609284332688588,"brian-brazil,jamtur01","Robust Perception,Kickstarter",2,211,40.8914728682170543,"brian-brazil,fabxc","Robust Perception,Red Hat",2,359,25.3889674681753890
1013,2017-11-08T07:09:51Z,2018-01-19T11:57:45Z,v2.0.0 - v2.1.0,72,2049,507,735,807,1097,2822,407,17,278,184,65,491,82,10,51,59,33,93,28.458333333333332,7.041666666666667,10.208333333333334,11.208333333333334,15.23611111111111,39.19444444444444,"brian-brazil,stuartnelson3","Robust Perception,DigitalOcean",2,564,27.5256222547584187,"brian-brazil,SuperQ","Robust Perception,IPB",2,207,40.8284023668639053,"brian-brazil,Gouthamve","Robust Perception,Independent",2,199,27.0748299319727891,"brian-brazil,stuartnelson3","Robust Perception,DigitalOcean",2,199,24.6592317224287485,"brian-brazil,matthiasr","Robust Perception,SoundCloud",2,374,34.0929808568824066,"brian-brazil,SuperQ","Robust Perception,IPB",2,785,27.8171509567682495
1014,2018-01-19T11:57:45Z,2018-03-08T16:37:57Z,v2.1.0 - v2.2.0,48,1647,459,529,659,629,2612,322,18,221,136,67,426,61,10,39,37,28,75,34.3125,9.5625,11.020833333333334,13.729166666666666,13.104166666666666,54.416666666666664,"brian-brazil,SuperQ","Robust Perception,IPB",2,589,35.7619914996964177,"SuperQ,brian-brazil","IPB,Robust Perception",2,249,54.2483660130718954,"brian-brazil,SuperQ","Robust Perception,IPB",2,145,27.4102079395085066,"brian-brazil,SuperQ","Robust Perception,IPB",2,195,29.5902883156297420,"brian-brazil,krasi-georgiev","Robust Perception,Red Hat",2,232,36.8839427662957075,"brian-brazil,krasi-georgiev","Robust Perception,Red Hat",2,791,30.2833078101071975
1015,2018-03-08T16:37:57Z,2018-04-13T00:00:00Z,v2.2.0 - now,35,1081,263,398,420,428,1722,220,15,157,94,54,286,33,9,23,23,21,46,30.885714285714286,7.514285714285714,11.371428571428572,12,12.228571428571428,49.2,"brian-brazil,stuartnelson3","Robust Perception,DigitalOcean",2,425,39.3154486586493987,"brian-brazil,SuperQ","Robust Perception,IPB",2,153,58.1749049429657795,"brian-brazil,stuartnelson3","Robust Perception,DigitalOcean",2,148,37.1859296482412060,"brian-brazil,stuartnelson3","Robust Perception,DigitalOcean",2,142,33.8095238095238095,"brian-brazil,simonpasquier","Robust Perception,Mirantis",2,192,44.8598130841121495,"brian-brazil,SuperQ","Robust Perception,IPB",2,570,33.1010452961672474
2002,2014-02-06T00:00:00Z,2014-03-06T00:00:00Z,02/2014,28,4,3,1,0,0,1,3,2,1,0,0,1,1,0,1,0,0,1,0.14285714285714285,0.10714285714285714,0.03571428571428571,0,0,0.03571428571428571,"u-c-l,juliusv",SoundCloud,1,3,75.0000000000000000,"u-c-l,prometheus-roobot",,0,3,100.0000000000000000,juliusv,SoundCloud,1,1,100.0000000000000000,,,,,,,,,,,juliusv,SoundCloud,1,1,100.0000000000000000
2003,2014-03-06T00:00:00Z,2014-04-06T00:00:00Z,03/2014,31,47,35,12,0,0,18,6,3,4,0,0,6,4,1,4,0,0,5,1.5161290322580645,1.1290322580645162,0.3870967741935484,0,0,0.5806451612903226,"prometheus-roobot,juliusv",SoundCloud,1,37,78.7234042553191489,"prometheus-roobot,u-c-l",,0,33,94.2857142857142857,"juliusv,bernerdschaefer","SoundCloud,thoughtbot",2,10,83.3333333333333333,,,,,,,,,,,"juliusv,typingduck","SoundCloud,WATTx",2,12,66.6666666666666667
2004,2014-04-06T00:00:00Z,2014-05-06T00:00:00Z,04/2014,30,25,20,5,0,0,7,4,2,3,0,0,3,2,1,2,0,0,3,0.8333333333333334,0.6666666666666666,0.16666666666666666,0,0,0.23333333333333334,"prometheus-roobot,juliusv",SoundCloud,1,22,88.0000000000000000,"prometheus-roobot,juliusv",SoundCloud,1,20,100.0000000000000000,"grobie,juliusv","groom gbr,SoundCloud",2,4,80.0000000000000000,,,,,,,,,,,"juliusv,grobie","SoundCloud,groom gbr",2,6,85.7142857142857143
2005,2014-05-06T00:00:00Z,2014-06-06T00:00:00Z,05/2014,31,28,22,4,2,0,39,4,3,2,1,0,5,3,2,2,1,0,4,0.9032258064516129,0.7096774193548387,0.12903225806451613,0.06451612903225806,0,1.2580645161290323,"prometheus-roobot,juliusv",SoundCloud,1,24,85.7142857142857143,"prometheus-roobot,juliusv",SoundCloud,1,21,95.4545454545454545,"juliusv,brian-brazil","SoundCloud,Boxever",2,4,100.0000000000000000,brian-brazil,Boxever,1,2,100.0000000000000000,,,,,,"juliusv,brian-brazil","SoundCloud,Boxever",2,34,87.1794871794871795
2006,2014-06-06T00:00:00Z,2014-07-06T00:00:00Z,06/2014,30,32,31,1,0,0,0,3,2,1,0,0,0,2,1,1,0,0,0,1.0666666666666667,1.0333333333333334,0.03333333333333333,0,0,0,"juliusv,prometheus-roobot",SoundCloud,1,31,96.8750000000000000,"juliusv,prometheus-roobot",SoundCloud,1,31,100.0000000000000000,brian-brazil,Boxever,1,1,100.0000000000000000,,,,,,,,,,,,,,,
2007,2014-07-06T00:00:00Z,2014-08-06T00:00:00Z,07/2014,31,37,28,9,0,0,19,5,2,4,0,0,5,3,1,3,0,0,4,1.1935483870967742,0.9032258064516129,0.2903225806451613,0,0,0.6129032258064516,"juliusv,prometheus-roobot",SoundCloud,1,32,86.4864864864864865,"prometheus-roobot,juliusv",SoundCloud,1,28,100.0000000000000000,"juliusv,discordianfish","SoundCloud,imgix",2,6,66.6666666666666667,,,,,,,,,,,"juliusv,u-c-l",SoundCloud,1,11,57.8947368421052632
2008,2014-08-06T00:00:00Z,2014-09-06T00:00:00Z,08/2014,31,43,35,2,6,6,6,4,3,1,2,2,3,1,1,1,0,1,1,1.3870967741935485,1.1290322580645162,0.06451612903225806,0.1935483870967742,0.1935483870967742,0.1935483870967742,"juliusv,u-c-l",SoundCloud,1,35,81.3953488372093023,"juliusv,prometheus-roobot",SoundCloud,1,29,82.8571428571428571,juliusv,SoundCloud,1,2,100.0000000000000000,"u-c-l,ddfreyne",,0,6,100.0000000000000000,"u-c-l,juliusv",SoundCloud,1,6,100.0000000000000000,"juliusv,u-c-l",SoundCloud,1,5,83.3333333333333333
2009,2014-09-06T00:00:00Z,2014-10-06T00:00:00Z,09/2014,30,29,26,1,2,0,5,4,3,1,2,0,3,2,1,1,2,0,3,0.9666666666666667,0.8666666666666667,0.03333333333333333,0.06666666666666667,0,0.16666666666666666,"u-c-l,juliusv",SoundCloud,1,27,93.1034482758620690,"u-c-l,juliusv",SoundCloud,1,25,96.1538461538461538,juliusv,SoundCloud,1,1,100.0000000000000000,"juliusv,zertosh","SoundCloud,Facebook",2,2,100.0000000000000000,,,,,,"juliusv,brian-brazil","SoundCloud,Boxever",2,4,80.0000000000000000
2010,2014-10-06T00:00:00Z,2014-11-06T00:00:00Z,10/2014,31,61,49,11,1,0,10,6,3,3,1,0,4,2,1,2,0,0,4,1.967741935483871,1.5806451612903225,0.3548387096774194,0.03225806451612903,0,0.3225806451612903,"u-c-l,juliusv",SoundCloud,1,50,81.9672131147540984,"u-c-l,prometheus-roobot",,0,43,87.7551020408163265,"juliusv,hermie314",SoundCloud,1,10,90.9090909090909091,quofelix,,0,1,100.0000000000000000,,,,,,"juliusv,brian-brazil","SoundCloud,Boxever",2,8,80.0000000000000000
2011,2014-11-06T00:00:00Z,2014-12-06T00:00:00Z,11/2014,30,47,40,3,4,8,9,4,2,2,2,3,6,2,0,1,1,1,4,1.5666666666666667,1.3333333333333333,0.1,0.13333333333333333,0.26666666666666666,0.3,"u-c-l,prometheus-roobot",,0,44,93.6170212765957447,"u-c-l,prometheus-roobot",,0,40,100.0000000000000000,"juliusv,u-c-l",SoundCloud,1,3,100.0000000000000000,"u-c-l,peterbourgon",✕✕✕✕✕,1,4,100.0000000000000000,"juliusv,u-c-l",SoundCloud,1,7,87.5000000000000000,"brian-brazil,juliusv","Boxever,SoundCloud",2,5,55.5555555555555556
2012,2014-12-06T00:00:00Z,2015-01-06T00:00:00Z,12/2014,31,125,60,24,41,60,105,7,5,5,7,5,10,5,3,4,5,3,6,4.032258064516129,1.935483870967742,0.7741935483870968,1.3225806451612903,1.935483870967742,3.3870967741935485,"juliusv,stuartnelson3",SoundCloud,1,77,61.6000000000000000,"juliusv,stuartnelson3",SoundCloud,1,43,71.6666666666666667,"juliusv,grobie","SoundCloud,groom gbr",2,17,70.8333333333333333,"u-c-l,juliusv",SoundCloud,1,25,60.9756097560975610,"juliusv,brian-brazil","SoundCloud,Boxever",2,48,80.0000000000000000,"juliusv,stuartnelson3",SoundCloud,1,68,64.7619047619047619
2013,2015-01-06T00:00:00Z,2015-02-06T00:00:00Z,01/2015,31,944,490,122,332,547,567,26,7,19,13,9,29,11,5,6,8,6,10,30.451612903225808,15.806451612903226,3.935483870967742,10.709677419354838,17.64516129032258,18.29032258064516,"juliusv,stuartnelson3",SoundCloud,1,620,65.6779661016949153,"juliusv,stuartnelson3",SoundCloud,1,398,81.2244897959183673,"beorn7,juliusv",SoundCloud,1,62,50.8196721311475410,"juliusv,beorn7",SoundCloud,1,191,57.5301204819277108,"juliusv,brian-brazil","SoundCloud,Boxever",2,409,74.7714808043875686,"juliusv,brian-brazil","SoundCloud,Boxever",2,294,51.8518518518518519
2014,2015-02-06T00:00:00Z,2015-03-06T00:00:00Z,02/2015,28,785,351,107,327,452,650,42,6,24,32,15,38,21,4,12,18,5,15,28.035714285714285,12.535714285714286,3.8214285714285716,11.678571428571429,16.142857142857142,23.214285714285715,"juliusv,beorn7",SoundCloud,1,484,61.6560509554140127,"juliusv,beorn7",SoundCloud,1,259,73.7891737891737892,"juliusv,beorn7",SoundCloud,1,48,44.8598130841121495,"juliusv,beorn7",SoundCloud,1,177,54.1284403669724771,"juliusv,brian-brazil","SoundCloud,Boxever",2,293,64.8230088495575221,"juliusv,beorn7",SoundCloud,1,347,53.3846153846153846
2015,2015-03-06T00:00:00Z,2015-04-06T00:00:00Z,03/2015,31,419,199,56,164,283,446,31,5,19,21,16,31,20,3,9,16,10,17,13.516129032258064,6.419354838709677,1.8064516129032258,5.290322580645161,9.129032258064516,14.387096774193548,"juliusv,beorn7",SoundCloud,1,307,73.2696897374701671,"juliusv,beorn7",SoundCloud,1,167,83.9195979899497487,"beorn7,juliusv",SoundCloud,1,29,51.7857142857142857,"juliusv,beorn7",SoundCloud,1,111,67.6829268292682927,"juliusv,brian-brazil","SoundCloud,Boxever",2,181,63.9575971731448763,"juliusv,brian-brazil","SoundCloud,Boxever",2,230,51.5695067264573991
2016,2015-04-06T00:00:00Z,2015-05-06T00:00:00Z,04/2015,30,610,288,102,220,337,625,49,7,34,33,19,46,23,4,14,19,10,24,20.333333333333332,9.6,3.4,7.333333333333333,11.233333333333333,20.833333333333332,"juliusv,fabxc",SoundCloud,1,246,40.3278688524590164,"juliusv,fabxc",SoundCloud,1,140,48.6111111111111111,"grobie,juliusv","groom gbr,SoundCloud",2,39,38.2352941176470588,"juliusv,fabxc",SoundCloud,1,87,39.5454545454545455,"juliusv,fabxc",SoundCloud,1,236,70.0296735905044510,"juliusv,brian-brazil","SoundCloud,Boxever",2,255,40.8000000000000000
2017,2015-05-06T00:00:00Z,2015-06-06T00:00:00Z,05/2015,31,996,514,113,369,523,814,51,8,30,35,18,54,25,4,15,20,12,24,32.12903225806452,16.580645161290324,3.6451612903225805,11.903225806451612,16.870967741935484,26.258064516129032,"fabxc,juliusv",SoundCloud,1,655,65.7630522088353414,"fabxc,juliusv",SoundCloud,1,371,72.1789883268482490,"juliusv,fabxc",SoundCloud,1,41,36.2831858407079646,"juliusv,fabxc",SoundCloud,1,243,65.8536585365853659,"juliusv,fabxc",SoundCloud,1,337,64.4359464627151052,"juliusv,fabxc",SoundCloud,1,435,53.4398034398034398
2018,2015-06-06T00:00:00Z,2015-07-06T00:00:00Z,06/2015,30,815,422,104,289,407,684,48,8,28,31,13,48,23,5,10,20,8,22,27.166666666666668,14.066666666666666,3.466666666666667,9.633333333333333,13.566666666666666,22.8,"fabxc,juliusv",SoundCloud,1,526,64.5398773006134969,"fabxc,juliusv",SoundCloud,1,312,73.9336492890995261,"juliusv,fabxc",SoundCloud,1,27,25.9615384615384615,"juliusv,fabxc",SoundCloud,1,187,64.7058823529411765,"juliusv,fabxc",SoundCloud,1,254,62.4078624078624079,"juliusv,fabxc",SoundCloud,1,352,51.4619883040935673
2019,2015-07-06T00:00:00Z,2015-08-06T00:00:00Z,07/2015,31,607,233,150,224,253,785,56,8,38,36,15,69,30,6,18,23,12,34,19.580645161290324,7.516129032258065,4.838709677419355,7.225806451612903,8.161290322580646,25.322580645161292,"juliusv,beorn7",SoundCloud,1,274,45.1400329489291598,"juliusv,beorn7",SoundCloud,1,132,56.6523605150214592,"beorn7,juliusv",SoundCloud,1,39,26.0000000000000000,"juliusv,beorn7",SoundCloud,1,103,45.9821428571428571,"juliusv,fabxc",SoundCloud,1,153,60.4743083003952569,"juliusv,beorn7",SoundCloud,1,298,37.9617834394904459
2020,2015-08-06T00:00:00Z,2015-09-06T00:00:00Z,08/2015,31,840,381,153,306,493,959,69,8,40,45,17,70,30,4,17,23,10,31,27.096774193548388,12.290322580645162,4.935483870967742,9.870967741935484,15.903225806451612,30.93548387096774,"fabxc,brian-brazil","SoundCloud,Robust Perception",2,418,49.7619047619047619,"fabxc,juliusv",SoundCloud,1,220,57.7427821522309711,"brian-brazil,juliusv","Robust Perception,SoundCloud",2,70,45.7516339869281046,"fabxc,brian-brazil","SoundCloud,Robust Perception",2,152,49.6732026143790850,"brian-brazil,juliusv","Robust Perception,SoundCloud",2,253,51.3184584178498986,"juliusv,brian-brazil","SoundCloud,Robust Perception",2,411,42.8571428571428571
2021,2015-09-06T00:00:00Z,2015-10-06T00:00:00Z,09/2015,30,1072,571,133,368,496,1096,76,8,44,47,18,79,32,4,16,25,13,37,35.733333333333334,19.033333333333335,4.433333333333334,12.266666666666667,16.533333333333335,36.53333333333333,"fabxc,juliusv",SoundCloud,1,574,53.5447761194029851,"fabxc,juliusv",SoundCloud,1,387,67.7758318739054291,"brian-brazil,juliusv","Robust Perception,SoundCloud",2,46,34.5864661654135338,"juliusv,fabxc",SoundCloud,1,147,39.9456521739130435,"juliusv,brian-brazil","SoundCloud,Robust Perception",2,265,53.4274193548387097,"juliusv,brian-brazil","SoundCloud,Robust Perception",2,476,43.4306569343065693
2022,2015-10-06T00:00:00Z,2015-11-06T00:00:00Z,10/2015,31,718,316,118,284,224,686,85,7,37,58,25,79,37,5,12,30,15,34,23.161290322580644,10.193548387096774,3.806451612903226,9.161290322580646,7.225806451612903,22.129032258064516,"brian-brazil,fabxc","Robust Perception,SoundCloud",2,295,41.0863509749303621,"fabxc,juliusv",SoundCloud,1,169,53.4810126582278481,"brian-brazil,juliusv","Robust Perception,SoundCloud",2,35,29.6610169491525424,"brian-brazil,juliusv","Robust Perception,SoundCloud",2,103,36.2676056338028169,"brian-brazil,juliusv","Robust Perception,SoundCloud",2,96,42.8571428571428571,"brian-brazil,juliusv","Robust Perception,SoundCloud",2,266,38.7755102040816327
2023,2015-11-06T00:00:00Z,2015-12-06T00:00:00Z,11/2015,30,517,203,112,202,234,551,70,8,44,41,15,64,32,6,18,25,12,28,17.233333333333334,6.766666666666667,3.7333333333333334,6.733333333333333,7.8,18.366666666666667,"fabxc,brian-brazil","SoundCloud,Robust Perception",2,246,47.5822050290135397,"fabxc,brian-brazil","SoundCloud,Robust Perception",2,130,64.0394088669950739,"brian-brazil,beorn7","Robust Perception,SoundCloud",2,33,29.4642857142857143,"fabxc,brian-brazil","SoundCloud,Robust Perception",2,86,42.5742574257425743,"brian-brazil,fabxc","Robust Perception,SoundCloud",2,145,61.9658119658119658,"brian-brazil,fabxc","Robust Perception,SoundCloud",2,221,40.1088929219600726
2024,2015-12-06T00:00:00Z,2016-01-06T00:00:00Z,12/2015,31,394,144,124,126,183,437,51,8,30,32,18,61,24,7,16,18,11,25,12.709677419354838,4.645161290322581,4,4.064516129032258,5.903225806451613,14.096774193548388,"fabxc,brian-brazil","SoundCloud,Robust Perception",2,231,58.6294416243654822,"fabxc,brian-brazil","SoundCloud,Robust Perception",2,107,74.3055555555555556,"brian-brazil,fabxc","Robust Perception,SoundCloud",2,53,42.7419354838709677,"fabxc,brian-brazil","SoundCloud,Robust Perception",2,71,56.3492063492063492,"brian-brazil,fabxc","Robust Perception,SoundCloud",2,111,60.6557377049180328,"brian-brazil,fabxc","Robust Perception,SoundCloud",2,193,44.1647597254004577
2025,2016-01-06T00:00:00Z,2016-02-06T00:00:00Z,01/2016,31,845,337,182,326,272,945,84,9,52,48,24,88,33,6,20,25,16,31,27.258064516129032,10.870967741935484,5.870967741935484,10.516129032258064,8.774193548387096,30.483870967741936,"fabxc,grobie","SoundCloud,groom gbr",2,342,40.4733727810650888,"grobie,fabxc","groom gbr,SoundCloud",2,181,53.7091988130563798,"beorn7,fabxc",SoundCloud,1,52,28.5714285714285714,"fabxc,grobie","SoundCloud,groom gbr",2,120,36.8098159509202454,"brian-brazil,juliusv","Robust Perception,Prometheus Consulting",2,128,47.0588235294117647,"brian-brazil,beorn7","Robust Perception,SoundCloud",2,272,28.7830687830687831
2026,2016-02-06T00:00:00Z,2016-03-06T00:00:00Z,02/2016,29,684,303,125,256,219,633,67,7,42,38,16,70,30,6,14,26,12,22,23.586206896551722,10.448275862068966,4.310344827586207,8.827586206896552,7.551724137931035,21.82758620689655,"fabxc,brian-brazil","SoundCloud,Robust Perception",2,307,44.8830409356725146,"fabxc,SuperQ","SoundCloud,Robert Koch-institut",2,159,52.4752475247524752,"brian-brazil,fabxc","Robust Perception,SoundCloud",2,36,28.8000000000000000,"fabxc,brian-brazil","SoundCloud,Robust Perception",2,114,44.5312500000000000,"brian-brazil,juliusv","Robust Perception,Prometheus Consulting",2,119,54.3378995433789954,"brian-brazil,fabxc","Robust Perception,SoundCloud",2,229,36.1769352290679305
2027,2016-03-06T00:00:00Z,2016-04-06T00:00:00Z,03/2016,31,608,252,149,207,304,737,76,9,47,42,21,87,31,8,18,26,16,34,19.612903225806452,8.129032258064516,4.806451612903226,6.67741935483871,9.806451612903226,23.774193548387096,"beorn7,grobie","SoundCloud,groom gbr",2,216,35.5263157894736842,"beorn7,grobie","SoundCloud,groom gbr",2,126,50.0000000000000000,"grobie,beorn7","groom gbr,SoundCloud",2,38,25.5033557046979866,"brian-brazil,beorn7","Robust Perception,SoundCloud",2,68,32.8502415458937198,"brian-brazil,juliusv","Robust Perception,Prometheus Consulting",2,144,47.3684210526315789,"brian-brazil,beorn7","Robust Perception,SoundCloud",2,263,35.6852103120759837
2028,2016-04-06T00:00:00Z,2016-05-06T00:00:00Z,04/2016,30,1022,461,224,337,439,1094,91,10,60,46,21,107,31,8,20,25,13,37,34.06666666666667,15.366666666666667,7.466666666666667,11.233333333333333,14.633333333333333,36.46666666666667,"grobie,fabxc","groom gbr,Red Hat",2,366,35.8121330724070450,"grobie,fabxc","groom gbr,Red Hat",2,203,44.0347071583514100,"grobie,hryamzik",groom gbr,1,68,30.3571428571428571,"fabxc,grobie","Red Hat,groom gbr",2,101,29.9703264094955490,"grobie,juliusv","groom gbr,Prometheus Consulting",2,206,46.9248291571753986,"brian-brazil,juliusv","Robust Perception,Prometheus Consulting",2,337,30.8043875685557587
2029,2016-05-06T00:00:00Z,2016-06-06T00:00:00Z,05/2016,31,597,202,176,219,224,868,117,10,73,61,17,116,44,8,24,36,10,41,19.258064516129032,6.516129032258065,5.67741935483871,7.064516129032258,7.225806451612903,28,"brian-brazil,grobie","Robust Perception,groom gbr",2,182,30.4857621440536013,"grobie,brian-brazil","groom gbr,Robust Perception",2,96,47.5247524752475248,"brian-brazil,fabxc","Robust Perception,Red Hat",2,35,19.8863636363636364,"brian-brazil,beorn7","Robust Perception,SoundCloud",2,72,32.8767123287671233,"brian-brazil,tokuhirom","Robust Perception,LINE",2,129,57.5892857142857143,"brian-brazil,beorn7","Robust Perception,SoundCloud",2,307,35.3686635944700461
2030,2016-06-06T00:00:00Z,2016-07-06T00:00:00Z,06/2016,30,633,193,190,250,274,1002,107,8,67,57,26,129,45,6,22,34,15,44,21.1,6.433333333333334,6.333333333333333,8.333333333333334,9.133333333333333,33.4,"fabxc,brian-brazil","Red Hat,Robust Perception",2,302,47.7093206951026856,"fabxc,beorn7","Red Hat,SoundCloud",2,124,64.2487046632124352,"fabxc,brian-brazil","Red Hat,Robust Perception",2,56,29.4736842105263158,"fabxc,brian-brazil","Red Hat,Robust Perception",2,123,49.2000000000000000,"brian-brazil,beorn7","Robust Perception,SoundCloud",2,131,47.8102189781021898,"brian-brazil,fabxc","Robust Perception,Red Hat",2,359,35.8283433133732535
2031,2016-07-06T00:00:00Z,2016-08-06T00:00:00Z,07/2016,31,745,275,214,256,395,996,109,8,70,54,29,140,39,7,23,29,16,46,24.032258064516128,8.870967741935484,6.903225806451613,8.258064516129032,12.741935483870968,32.12903225806452,"fabxc,brian-brazil","Red Hat,Robust Perception",2,278,37.3154362416107383,"fabxc,beorn7","Red Hat,SoundCloud",2,124,45.0909090909090909,"brian-brazil,fabxc","Robust Perception,Red Hat",2,64,29.9065420560747664,"fabxc,brian-brazil","Red Hat,Robust Perception",2,106,41.4062500000000000,"brian-brazil,beorn7","Robust Perception,SoundCloud",2,229,57.9746835443037975,"brian-brazil,beorn7","Robust Perception,SoundCloud",2,358,35.9437751004016064
2032,2016-08-06T00:00:00Z,2016-09-06T00:00:00Z,08/2016,31,865,343,218,304,472,1132,122,8,86,62,31,150,44,6,29,35,18,49,27.903225806451612,11.064516129032258,7.032258064516129,9.806451612903226,15.225806451612904,36.516129032258064,"fabxc,grobie","Red Hat,SoundCloud",2,298,34.4508670520231214,"fabxc,grobie","Red Hat,SoundCloud",2,163,47.5218658892128280,"grobie,beorn7",SoundCloud,1,64,29.3577981651376147,"fabxc,juliusv","Red Hat,Prometheus Consulting",2,92,30.2631578947368421,"fabxc,brian-brazil","Red Hat,Robust Perception",2,166,35.1694915254237288,"brian-brazil,beorn7","Robust Perception,SoundCloud",2,335,29.5936395759717314
2033,2016-09-06T00:00:00Z,2016-10-06T00:00:00Z,09/2016,30,824,282,208,334,446,1233,125,7,77,66,33,155,44,6,22,33,21,48,27.466666666666665,9.4,6.933333333333334,11.133333333333333,14.866666666666667,41.1,"juliusv,brian-brazil","Prometheus Consulting,Robust Perception",2,234,28.3980582524271845,"juliusv,grobie","Prometheus Consulting,SoundCloud",2,111,39.3617021276595745,"beorn7,brian-brazil","SoundCloud,Robust Perception",2,55,26.4423076923076923,"juliusv,brian-brazil","Prometheus Consulting,Robust Perception",2,98,29.3413173652694611,"brian-brazil,juliusv","Robust Perception,Prometheus Consulting",2,204,45.7399103139013453,"brian-brazil,juliusv","Robust Perception,Prometheus Consulting",2,379,30.7380373073803731
2034,2016-10-06T00:00:00Z,2016-11-06T00:00:00Z,10/2016,31,759,258,195,306,346,959,122,8,77,64,28,165,48,6,29,34,16,60,24.483870967741936,8.32258064516129,6.290322580645161,9.870967741935484,11.161290322580646,30.93548387096774,"brian-brazil,beorn7","Robust Perception,SoundCloud",2,314,41.3702239789196311,"brian-brazil,beorn7","Robust Perception,SoundCloud",2,125,48.4496124031007752,"brian-brazil,beorn7","Robust Perception,SoundCloud",2,70,35.8974358974358974,"brian-brazil,beorn7","Robust Perception,SoundCloud",2,119,38.8888888888888889,"brian-brazil,beorn7","Robust Perception,SoundCloud",2,177,51.1560693641618497,"brian-brazil,beorn7","Robust Perception,SoundCloud",2,355,37.0177267987486966
2035,2016-11-06T00:00:00Z,2016-12-06T00:00:00Z,11/2016,30,642,192,237,213,257,1035,145,7,106,55,26,161,42,5,30,26,14,43,21.4,6.4,7.9,7.1,8.566666666666666,34.5,"fabxc,brian-brazil","Red Hat,Robust Perception",2,222,34.5794392523364486,"fabxc,beorn7","Red Hat,SoundCloud",2,102,53.1250000000000000,"brian-brazil,SuperQ","Robust Perception,Robert Koch-institut",2,40,16.8776371308016878,"fabxc,beorn7","Red Hat,SoundCloud",2,93,43.6619718309859155,"brian-brazil,beorn7","Robust Perception,SoundCloud",2,144,56.0311284046692607,"brian-brazil,beorn7","Robust Perception,SoundCloud",2,289,27.9227053140096618
2036,2016-12-06T00:00:00Z,2017-01-06T00:00:00Z,12/2016,31,568,149,227,192,234,908,130,8,95,51,28,167,30,7,19,23,17,41,18.322580645161292,4.806451612903226,7.32258064516129,6.193548387096774,7.548387096774194,29.29032258064516,"discordianfish,brian-brazil","imgix,Robust Perception",2,222,39.0845070422535211,"brian-brazil,discordianfish","Robust Perception,imgix",2,85,57.0469798657718121,"discordianfish,brian-brazil","imgix,Robust Perception",2,55,24.2290748898678414,"discordianfish,brian-brazil","imgix,Robust Perception",2,82,42.7083333333333333,"brian-brazil,discordianfish","Robust Perception,imgix",2,96,41.0256410256410256,"brian-brazil,discordianfish","Robust Perception,imgix",2,294,32.3788546255506608
2037,2017-01-06T00:00:00Z,2017-02-06T00:00:00Z,01/2017,31,638,193,198,247,447,1084,144,11,103,63,34,171,45,7,26,36,20,54,20.580645161290324,6.225806451612903,6.387096774193548,7.967741935483871,14.419354838709678,34.96774193548387,"brian-brazil,SuperQ","Robust Perception,Robert Koch-institut",2,199,31.1912225705329154,"brian-brazil,SuperQ","Robust Perception,Robert Koch-institut",2,92,47.6683937823834197,"brian-brazil,beorn7","Robust Perception,SoundCloud",2,34,17.1717171717171717,"brian-brazil,beorn7","Robust Perception,SoundCloud",2,78,31.5789473684210526,"brian-brazil,SuperQ","Robust Perception,Robert Koch-institut",2,216,48.3221476510067114,"brian-brazil,beorn7","Robust Perception,SoundCloud",2,396,36.5313653136531365
2038,2017-02-06T00:00:00Z,2017-03-06T00:00:00Z,02/2017,28,926,339,284,303,394,1047,147,10,101,66,39,199,47,7,26,36,23,53,33.07142857142857,12.107142857142858,10.142857142857142,10.821428571428571,14.071428571428571,37.392857142857146,"grobie,brian-brazil","SoundCloud,Robust Perception",2,380,41.0367170626349892,"grobie,beorn7",SoundCloud,1,191,56.3421828908554572,"brian-brazil,grobie","Robust Perception,SoundCloud",2,99,34.8591549295774648,"beorn7,grobie",SoundCloud,1,114,37.6237623762376238,"brian-brazil,mdlayher","Robust Perception,DigitalOcean",2,151,38.3248730964467005,"brian-brazil,beorn7","Robust Perception,SoundCloud",2,321,30.6590257879656160
2039,2017-03-06T00:00:00Z,2017-04-06T00:00:00Z,03/2017,31,1033,299,393,341,345,1449,200,11,145,83,37,224,54,8,33,37,20,56,33.32258064516129,9.64516129032258,12.67741935483871,11,11.129032258064516,46.74193548387097,"brian-brazil,juliusv","Robust Perception,Prometheus Consulting",2,374,36.2052274927395934,"juliusv,brian-brazil","Prometheus Consulting,Robust Perception",2,117,39.1304347826086957,"brian-brazil,juliusv","Robust Perception,Prometheus Consulting",2,142,36.1323155216284987,"brian-brazil,juliusv","Robust Perception,Prometheus Consulting",2,115,33.7243401759530792,"juliusv,grobie","Prometheus Consulting,SoundCloud",2,119,34.4927536231884058,"brian-brazil,juliusv","Robust Perception,Prometheus Consulting",2,453,31.2629399585921325
2040,2017-04-06T00:00:00Z,2017-05-06T00:00:00Z,04/2017,30,1163,404,325,434,584,1523,154,13,99,81,39,197,45,9,27,31,20,54,38.766666666666666,13.466666666666667,10.833333333333334,14.466666666666667,19.466666666666665,50.766666666666666,"brian-brazil,fabxc","Robust Perception,Red Hat",2,375,32.2441960447119518,"brian-brazil,fabxc","Robust Perception,Red Hat",2,149,36.8811881188118812,"brian-brazil,grobie","Robust Perception,SoundCloud",2,89,27.3846153846153846,"brian-brazil,fabxc","Robust Perception,Red Hat",2,140,32.2580645161290323,"brian-brazil,beorn7","Robust Perception,SoundCloud",2,241,41.2671232876712329,"brian-brazil,fabxc","Robust Perception,Red Hat",2,399,26.1982928430728825
2041,2017-05-06T00:00:00Z,2017-06-06T00:00:00Z,05/2017,31,1128,374,336,418,563,1495,171,13,111,83,32,214,47,8,26,34,16,58,36.38709677419355,12.064516129032258,10.838709677419354,13.483870967741936,18.161290322580644,48.225806451612904,"brian-brazil,fabxc","Robust Perception,Red Hat",2,368,32.6241134751773050,"brian-brazil,fabxc","Robust Perception,Red Hat",2,150,40.1069518716577540,"brian-brazil,mxinden","Robust Perception,Red Hat",2,83,24.7023809523809524,"brian-brazil,fabxc","Robust Perception,Red Hat",2,136,32.5358851674641148,"brian-brazil,mxinden","Robust Perception,Red Hat",2,210,37.3001776198934281,"brian-brazil,fabxc","Robust Perception,Red Hat",2,450,30.1003344481605351
2042,2017-06-06T00:00:00Z,2017-07-06T00:00:00Z,06/2017,30,943,260,344,339,552,1492,165,13,124,64,37,202,40,9,27,29,18,52,31.433333333333334,8.666666666666666,11.466666666666667,11.3,18.4,49.733333333333334,"brian-brazil,fabxc","Robust Perception,Red Hat",2,348,36.9034994697773065,"fabxc,grobie","Red Hat,SoundCloud",2,118,45.3846153846153846,"brian-brazil,fabxc","Robust Perception,Red Hat",2,118,34.3023255813953488,"brian-brazil,fabxc","Robust Perception,Red Hat",2,112,33.0383480825958702,"brian-brazil,grobie","Robust Perception,SoundCloud",2,302,54.7101449275362319,"brian-brazil,fabxc","Robust Perception,Red Hat",2,432,28.9544235924932976
2043,2017-07-06T00:00:00Z,2017-08-06T00:00:00Z,07/2017,31,1016,269,396,351,466,1603,198,14,142,89,38,212,53,9,33,40,24,58,32.774193548387096,8.67741935483871,12.774193548387096,11.32258064516129,15.03225806451613,51.70967741935484,"brian-brazil,fabxc","Robust Perception,Red Hat",2,376,37.0078740157480315,"brian-brazil,grobie","Robust Perception,SoundCloud",2,148,55.0185873605947955,"brian-brazil,Gouthamve","Robust Perception,Red Hat",2,142,35.8585858585858586,"brian-brazil,fabxc","Robust Perception,Red Hat",2,113,32.1937321937321937,"brian-brazil,fabxc","Robust Perception,Red Hat",2,253,54.2918454935622318,"brian-brazil,fabxc","Robust Perception,Red Hat",2,535,33.3749220212102308
2044,2017-08-06T00:00:00Z,2017-09-06T00:00:00Z,08/2017,31,1014,300,362,352,370,1313,200,14,139,92,41,226,61,9,36,44,20,66,32.70967741935484,9.67741935483871,11.67741935483871,11.35483870967742,11.935483870967742,42.354838709677416,"brian-brazil,grobie","Robust Perception,SoundCloud",2,289,28.5009861932938856,"grobie,brian-brazil","SoundCloud,Robust Perception",2,135,45.0000000000000000,"brian-brazil,mxinden","Robust Perception,Red Hat",2,86,23.7569060773480663,"brian-brazil,fabxc","Robust Perception,Red Hat",2,88,25.0000000000000000,"brian-brazil,grobie","Robust Perception,SoundCloud",2,176,47.5675675675675676,"brian-brazil,SuperQ","Robust Perception,Robert Koch-institut",2,328,24.9809596344249810
2045,2017-09-06T00:00:00Z,2017-10-06T00:00:00Z,09/2017,30,911,267,331,313,252,1194,195,15,134,84,34,239,48,11,32,33,20,57,30.366666666666667,8.9,11.033333333333333,10.433333333333334,8.4,39.8,"brian-brazil,fabxc","Robust Perception,Red Hat",2,280,30.7354555433589462,"fabxc,grobie","Red Hat,SoundCloud",2,134,50.1872659176029963,"brian-brazil,Gouthamve","Robust Perception,Independent",2,79,23.8670694864048338,"fabxc,brian-brazil","Red Hat,Robust Perception",2,85,27.1565495207667732,"brian-brazil,grobie","Robust Perception,SoundCloud",2,106,42.0634920634920635,"brian-brazil,fabxc","Robust Perception,Red Hat",2,274,22.9480737018425461
2046,2017-10-06T00:00:00Z,2017-11-06T00:00:00Z,10/2017,31,1197,354,351,492,498,1351,211,13,127,115,45,238,56,9,25,46,26,63,38.61290322580645,11.419354838709678,11.32258064516129,15.870967741935484,16.06451612903226,43.58064516129032,"brian-brazil,fabxc","Robust Perception,Red Hat",2,378,31.5789473684210526,"grobie,brian-brazil","SoundCloud,Robust Perception",2,174,49.1525423728813559,"brian-brazil,grobie","Robust Perception,SoundCloud",2,89,25.3561253561253561,"brian-brazil,fabxc","Robust Perception,Red Hat",2,155,31.5040650406504065,"brian-brazil,grobie","Robust Perception,SoundCloud",2,190,38.1526104417670683,"brian-brazil,fabxc","Robust Perception,Red Hat",2,348,25.7586972612879349
2047,2017-11-06T00:00:00Z,2017-12-06T00:00:00Z,11/2017,30,1025,298,316,411,617,1299,201,14,131,101,40,273,52,10,30,42,23,64,34.166666666666664,9.933333333333334,10.533333333333333,13.7,20.566666666666666,43.3,"brian-brazil,grobie","Robust Perception,SoundCloud",2,337,32.8780487804878049,"brian-brazil,grobie","Robust Perception,SoundCloud",2,134,44.9664429530201342,"brian-brazil,grobie","Robust Perception,SoundCloud",2,91,28.7974683544303797,"brian-brazil,grobie","Robust Perception,SoundCloud",2,112,27.2506082725060827,"brian-brazil,matthiasr","Robust Perception,SoundCloud",2,220,35.6564019448946515,"brian-brazil,grobie","Robust Perception,SoundCloud",2,359,27.6366435719784450
2048,2017-12-06T00:00:00Z,2018-01-06T00:00:00Z,12/2017,31,768,169,300,299,360,1134,189,15,129,85,39,227,46,8,30,34,22,55,24.774193548387096,5.451612903225806,9.67741935483871,9.64516129032258,11.612903225806452,36.58064516129032,"brian-brazil,SuperQ","Robust Perception,IPB",2,219,28.5156250000000000,"brian-brazil,SuperQ","Robust Perception,IPB",2,81,47.9289940828402367,"brian-brazil,Gouthamve","Robust Perception,Independent",2,88,29.3333333333333333,"brian-brazil,stuartnelson3","Robust Perception,DigitalOcean",2,72,24.0802675585284281,"brian-brazil,juliusv","Robust Perception,Prometheus Consulting",2,143,39.7222222222222222,"brian-brazil,SuperQ","Robust Perception,IPB",2,349,30.7760141093474427
2049,2018-01-06T00:00:00Z,2018-02-06T00:00:00Z,01/2018,31,938,238,340,360,351,1427,217,15,152,97,38,272,48,9,33,31,17,57,30.258064516129032,7.67741935483871,10.96774193548387,11.612903225806452,11.32258064516129,46.03225806451613,"brian-brazil,SuperQ","Robust Perception,IPB",2,273,29.1044776119402985,"SuperQ,brian-brazil","IPB,Robust Perception",2,122,51.2605042016806723,"brian-brazil,Gouthamve","Robust Perception,Independent",2,83,24.4117647058823529,"SuperQ,brian-brazil","IPB,Robust Perception",2,85,23.6111111111111111,"brian-brazil,Gouthamve","Robust Perception,Independent",2,114,32.4786324786324786,"brian-brazil,SuperQ","Robust Perception,IPB",2,363,25.4379817799579537
2050,2018-02-06T00:00:00Z,2018-03-06T00:00:00Z,02/2018,28,978,268,296,414,437,1499,199,15,129,92,52,277,43,9,28,28,24,52,34.92857142857143,9.571428571428571,10.571428571428571,14.785714285714286,15.607142857142858,53.535714285714285,"brian-brazil,SuperQ","Robust Perception,IPB",2,368,37.6278118609406953,"brian-brazil,SuperQ","Robust Perception,IPB",2,136,50.7462686567164179,"brian-brazil,SuperQ","Robust Perception,IPB",2,95,32.0945945945945946,"brian-brazil,SuperQ","Robust Perception,IPB",2,137,33.0917874396135266,"brian-brazil,iksaif","Robust Perception,Criteo",2,188,43.0205949656750572,"brian-brazil,krasi-georgiev","Robust Perception,Red Hat",2,511,34.0893929286190794
2051,2018-03-06T00:00:00Z,2018-04-06T00:00:00Z,03/2018,31,1029,270,377,382,352,1578,209,13,147,87,44,269,32,8,21,23,18,47,33.193548387096776,8.709677419354838,12.161290322580646,12.32258064516129,11.35483870967742,50.903225806451616,"brian-brazil,SuperQ","Robust Perception,IPB",2,434,42.1768707482993197,"brian-brazil,SuperQ","Robust Perception,IPB",2,178,65.9259259259259259,"brian-brazil,stuartnelson3","Robust Perception,DigitalOcean",2,141,37.4005305039787798,"brian-brazil,stuartnelson3","Robust Perception,DigitalOcean",2,131,34.2931937172774869,"brian-brazil,Bplotka","Robust Perception,Improbable",2,161,45.7386363636363636,"brian-brazil,SuperQ","Robust Perception,IPB",2,529,33.5234474017743980
2052,2018-04-06T00:00:00Z,2018-05-06T00:00:00Z,04/2018,30,188,47,65,76,111,352,59,10,38,32,24,82,16,8,11,12,11,20,6.266666666666667,1.5666666666666667,2.1666666666666665,2.533333333333333,3.7,11.733333333333333,"brian-brazil,SuperQ","Robust Perception,IPB",2,63,33.5106382978723404,"SuperQ,beorn7","IPB,SoundCloud",2,25,53.1914893617021277,"brian-brazil,SuperQ","Robust Perception,IPB",2,23,35.3846153846153846,"brian-brazil,beorn7","Robust Perception,SoundCloud",2,19,25.0000000000000000,"brian-brazil,simonpasquier","Robust Perception,Mirantis",2,45,40.5405405405405405,"brian-brazil,SuperQ","Robust Perception,IPB",2,111,31.5340909090909091
3001,2014-01-01T00:00:00Z,2014-04-01T00:00:00Z,Quarter from 01/2014,90,47,35,12,0,0,19,6,3,4,0,0,6,4,1,4,0,0,5,0.5222222222222223,0.3888888888888889,0.13333333333333333,0,0,0.2111111111111111,"prometheus-roobot,juliusv",SoundCloud,1,35,74.4680851063829787,"prometheus-roobot,u-c-l",,0,33,94.2857142857142857,"juliusv,bernerdschaefer","SoundCloud,thoughtbot",2,10,83.3333333333333333,,,,,,,,,,,"juliusv,typingduck","SoundCloud,WATTx",2,13,68.4210526315789474
3004,2014-04-01T00:00:00Z,2014-07-01T00:00:00Z,Quarter from 04/2014,91,73,60,11,2,0,46,6,3,4,1,0,5,4,2,3,1,0,4,0.8021978021978022,0.6593406593406593,0.12087912087912088,0.02197802197802198,0,0.5054945054945055,"prometheus-roobot,juliusv",SoundCloud,1,65,89.0410958904109589,"prometheus-roobot,juliusv",SoundCloud,1,59,98.3333333333333333,"juliusv,brian-brazil","SoundCloud,Boxever",2,8,72.7272727272727273,brian-brazil,Boxever,1,2,100.0000000000000000,,,,,,"juliusv,brian-brazil","SoundCloud,Boxever",2,38,82.6086956521739130
3007,2014-07-01T00:00:00Z,2014-10-01T00:00:00Z,Quarter from 07/2014,92,121,101,12,8,6,30,7,3,4,4,2,7,4,1,3,2,1,5,1.315217391304348,1.0978260869565217,0.13043478260869565,0.08695652173913043,0.06521739130434782,0.32608695652173914,"juliusv,u-c-l",SoundCloud,1,89,73.5537190082644628,"juliusv,prometheus-roobot",SoundCloud,1,77,76.2376237623762376,"juliusv,discordianfish","SoundCloud,imgix",2,9,75.0000000000000000,"u-c-l,zertosh",Facebook,1,6,75.0000000000000000,"juliusv,u-c-l",SoundCloud,1,6,100.0000000000000000,"juliusv,u-c-l",SoundCloud,1,19,63.3333333333333333
3010,2014-10-01T00:00:00Z,2015-01-01T00:00:00Z,Quarter from 10/2014,92,191,129,27,35,45,74,9,4,5,7,4,8,5,2,3,5,2,6,2.0760869565217392,1.4021739130434783,0.29347826086956524,0.3804347826086957,0.4891304347826087,0.8043478260869565,"u-c-l,juliusv",SoundCloud,1,163,85.3403141361256545,"u-c-l,juliusv",SoundCloud,1,117,90.6976744186046512,"juliusv,brian-brazil","SoundCloud,Boxever",2,23,85.1851851851851852,"u-c-l,brian-brazil",Boxever,1,24,68.5714285714285714,"juliusv,brian-brazil","SoundCloud,Boxever",2,35,77.7777777777777778,"juliusv,brian-brazil","SoundCloud,Boxever",2,57,77.0270270270270270
3013,2015-01-01T00:00:00Z,2015-04-01T00:00:00Z,Quarter from 01/2015,90,2169,1054,289,826,1287,1686,72,7,42,50,26,72,34,5,17,29,14,26,24.1,11.71111111111111,3.2111111111111112,9.177777777777777,14.3,18.733333333333334,"juliusv,beorn7",SoundCloud,1,1337,61.6413093591516828,"juliusv,stuartnelson3",SoundCloud,1,726,68.8804554079696395,"juliusv,beorn7",SoundCloud,1,141,48.7889273356401384,"juliusv,beorn7",SoundCloud,1,477,57.7481840193704600,"juliusv,brian-brazil","SoundCloud,Boxever",2,887,68.9199689199689200,"juliusv,beorn7",SoundCloud,1,867,51.4234875444839858
3016,2015-04-01T00:00:00Z,2015-07-01T00:00:00Z,Quarter from 04/2015,91,2362,1187,312,863,1252,2080,107,9,66,72,31,108,46,5,26,37,19,46,25.956043956043956,13.043956043956044,3.4285714285714284,9.483516483516484,13.758241758241759,22.857142857142858,"fabxc,juliusv",SoundCloud,1,1376,58.2557154953429297,"fabxc,juliusv",SoundCloud,1,787,66.3016006739679865,"juliusv,fabxc",SoundCloud,1,87,27.8846153846153846,"juliusv,fabxc",SoundCloud,1,502,58.1691772885283893,"juliusv,fabxc",SoundCloud,1,812,64.8562300319488818,"juliusv,fabxc",SoundCloud,1,1008,48.4615384615384615
3019,2015-07-01T00:00:00Z,2015-10-01T00:00:00Z,Quarter from 07/2015,92,2423,1142,424,857,1197,2756,145,9,89,91,29,149,60,6,33,51,21,61,26.33695652173913,12.41304347826087,4.608695652173913,9.315217391304348,13.01086956521739,29.956521739130434,"fabxc,juliusv",SoundCloud,1,1213,50.0619067271976888,"fabxc,juliusv",SoundCloud,1,712,62.3467600700525394,"brian-brazil,juliusv","Robust Perception,SoundCloud",2,131,30.8962264150943396,"juliusv,fabxc",SoundCloud,1,395,46.0910151691948658,"juliusv,fabxc",SoundCloud,1,640,53.4670008354218881,"juliusv,fabxc",SoundCloud,1,1117,40.5297532656023222
3022,2015-10-01T00:00:00Z,2016-01-01T00:00:00Z,Quarter from 10/2015,92,1746,738,358,650,683,1733,169,9,91,106,42,161,62,7,31,50,25,59,18.97826086956522,8.021739130434783,3.891304347826087,7.065217391304348,7.423913043478261,18.83695652173913,"fabxc,brian-brazil","SoundCloud,Robust Perception",2,828,47.4226804123711340,"fabxc,brian-brazil","SoundCloud,Robust Perception",2,448,60.7046070460704607,"brian-brazil,fabxc","Robust Perception,SoundCloud",2,116,32.4022346368715084,"brian-brazil,fabxc","Robust Perception,SoundCloud",2,264,40.6153846153846154,"brian-brazil,fabxc","Robust Perception,SoundCloud",2,329,48.1698389458272328,"brian-brazil,fabxc","Robust Perception,SoundCloud",2,652,37.6226197345643393
3025,2016-01-01T00:00:00Z,2016-04-01T00:00:00Z,Quarter from 01/2016,91,2053,846,437,770,779,2294,177,10,107,95,45,186,62,7,29,50,28,53,22.560439560439562,9.296703296703297,4.802197802197802,8.461538461538462,8.56043956043956,25.208791208791208,"fabxc,brian-brazil","SoundCloud,Robust Perception",2,751,36.5806137359961033,"fabxc,beorn7",SoundCloud,1,384,45.3900709219858156,"brian-brazil,beorn7","Robust Perception,SoundCloud",2,109,24.9427917620137300,"fabxc,brian-brazil","SoundCloud,Robust Perception",2,293,38.0519480519480519,"brian-brazil,fabxc","Robust Perception,SoundCloud",2,387,49.6790757381258023,"brian-brazil,beorn7","Robust Perception,SoundCloud",2,755,32.9119442022667829
3028,2016-04-01T00:00:00Z,2016-07-01T00:00:00Z,Quarter from 04/2016,91,2306,883,615,808,924,2957,249,10,159,132,48,271,82,8,42,66,24,85,25.34065934065934,9.703296703296703,6.758241758241758,8.87912087912088,10.153846153846153,32.494505494505496,"fabxc,grobie","Red Hat,groom gbr",2,792,34.3451864700780572,"grobie,fabxc","groom gbr,Red Hat",2,421,47.6783691959229898,"fabxc,grobie","Red Hat,groom gbr",2,128,20.8130081300813008,"fabxc,brian-brazil","Red Hat,Robust Perception",2,256,31.6831683168316832,"brian-brazil,grobie","Robust Perception,groom gbr",2,405,43.8311688311688312,"brian-brazil,fabxc","Robust Perception,Red Hat",2,900,30.4362529590801488
3031,2016-07-01T00:00:00Z,2016-10-01T00:00:00Z,Quarter from 07/2016,92,2438,908,636,894,1310,3368,284,9,188,146,70,344,88,7,47,70,39,95,26.5,9.869565217391305,6.913043478260869,9.717391304347826,14.23913043478261,36.608695652173914,"fabxc,brian-brazil","Red Hat,Robust Perception",2,741,30.3937653814602133,"fabxc,grobie","Red Hat,SoundCloud",2,377,41.5198237885462555,"beorn7,brian-brazil","SoundCloud,Robust Perception",2,156,24.5283018867924528,"fabxc,brian-brazil","Red Hat,Robust Perception",2,284,31.7673378076062640,"brian-brazil,beorn7","Robust Perception,SoundCloud",2,520,39.6946564885496183,"brian-brazil,beorn7","Robust Perception,SoundCloud",2,1060,31.4726840855106888
3034,2016-10-01T00:00:00Z,2017-01-01T00:00:00Z,Quarter from 10/2016,92,1932,597,624,711,832,2805,316,9,222,139,59,378,81,7,51,60,31,90,21,6.489130434782608,6.782608695652174,7.728260869565218,9.043478260869565,30.48913043478261,"brian-brazil,fabxc","Robust Perception,Red Hat",2,646,33.4368530020703934,"brian-brazil,fabxc","Robust Perception,Red Hat",2,287,48.0737018425460637,"brian-brazil,beorn7","Robust Perception,SoundCloud",2,130,20.8333333333333333,"brian-brazil,beorn7","Robust Perception,SoundCloud",2,236,33.1926863572433193,"brian-brazil,beorn7","Robust Perception,SoundCloud",2,403,48.4375000000000000,"brian-brazil,beorn7","Robust Perception,SoundCloud",2,830,29.5900178253119430
3037,2017-01-01T00:00:00Z,2017-04-01T00:00:00Z,Quarter from 01/2017,90,2490,778,853,859,1187,3447,404,13,295,167,76,470,104,9,59,78,39,114,27.666666666666668,8.644444444444444,9.477777777777778,9.544444444444444,13.188888888888888,38.3,"brian-brazil,grobie","Robust Perception,SoundCloud",2,824,33.0923694779116466,"brian-brazil,grobie","Robust Perception,SoundCloud",2,338,43.4447300771208226,"brian-brazil,grobie","Robust Perception,SoundCloud",2,233,27.3153575615474795,"brian-brazil,beorn7","Robust Perception,SoundCloud",2,261,30.3841676367869616,"brian-brazil,grobie","Robust Perception,SoundCloud",2,426,35.8887952822240944,"brian-brazil,beorn7","Robust Perception,SoundCloud",2,1058,30.6933565419205106
3040,2017-04-01T00:00:00Z,2017-07-01T00:00:00Z,Quarter from 04/2017,91,3330,1084,1034,1212,1735,4697,412,14,286,176,69,484,85,9,50,62,33,102,36.59340659340659,11.912087912087912,11.362637362637363,13.31868131868132,19.065934065934066,51.61538461538461,"brian-brazil,fabxc","Robust Perception,Red Hat",2,1085,32.5825825825825826,"brian-brazil,fabxc","Robust Perception,Red Hat",2,427,39.3911439114391144,"brian-brazil,fabxc","Robust Perception,Red Hat",2,272,26.3056092843326886,"brian-brazil,fabxc","Robust Perception,Red Hat",2,386,31.8481848184818482,"brian-brazil,fabxc","Robust Perception,Red Hat",2,696,40.1152737752161383,"brian-brazil,fabxc","Robust Perception,Red Hat",2,1300,27.6772407919948904
3043,2017-07-01T00:00:00Z,2017-10-01T00:00:00Z,Quarter from 07/2017,92,2881,809,1081,991,1072,4020,477,17,338,194,73,541,107,10,66,73,37,120,31.315217391304348,8.793478260869565,11.75,10.771739130434783,11.652173913043478,43.69565217391305,"brian-brazil,fabxc","Robust Perception,Red Hat",2,936,32.4887191947240541,"brian-brazil,grobie","Robust Perception,SoundCloud",2,377,46.6007416563658838,"brian-brazil,fabxc","Robust Perception,Red Hat",2,291,26.9195189639222942,"brian-brazil,fabxc","Robust Perception,Red Hat",2,287,28.9606458123107972,"brian-brazil,grobie","Robust Perception,SoundCloud",2,503,46.9216417910447761,"brian-brazil,fabxc","Robust Perception,Red Hat",2,1075,26.7412935323383085
3046,2017-10-01T00:00:00Z,2018-01-01T00:00:00Z,Quarter from 10/2017,92,3089,860,983,1246,1508,3889,520,17,334,248,88,600,106,10,56,83,47,117,33.57608695652174,9.347826086956522,10.684782608695652,13.543478260869565,16.391304347826086,42.27173913043478,"brian-brazil,grobie","Robust Perception,SoundCloud",2,921,29.8154742635157009,"brian-brazil,grobie","Robust Perception,SoundCloud",2,374,43.4883720930232558,"brian-brazil,grobie","Robust Perception,SoundCloud",2,250,25.4323499491353001,"brian-brazil,fabxc","Robust Perception,Red Hat",2,325,26.0834670947030498,"brian-brazil,grobie","Robust Perception,SoundCloud",2,524,34.7480106100795756,"brian-brazil,SuperQ","Robust Perception,IPB",2,1025,26.3563898174337876
3049,2018-01-01T00:00:00Z,2018-04-01T00:00:00Z,Quarter from 01/2018,90,2892,768,980,1144,1095,4417,522,18,369,214,86,634,79,10,53,51,32,91,32.13333333333333,8.533333333333333,10.88888888888889,12.71111111111111,12.166666666666666,49.077777777777776,"brian-brazil,SuperQ","Robust Perception,IPB",2,1063,36.7565698478561549,"brian-brazil,SuperQ","Robust Perception,IPB",2,435,56.6406250000000000,"brian-brazil,SuperQ","Robust Perception,IPB",2,281,28.6734693877551020,"brian-brazil,SuperQ","Robust Perception,IPB",2,347,30.3321678321678322,"brian-brazil,krasi-georgiev","Robust Perception,Red Hat",2,396,36.1643835616438356,"brian-brazil,krasi-georgiev","Robust Perception,Red Hat",2,1333,30.1788544260810505
3052,2018-04-01T00:00:00Z,2018-07-01T00:00:00Z,Quarter from 04/2018,91,339,78,138,123,175,583,89,12,62,45,32,119,20,8,13,14,14,26,3.7252747252747254,0.8571428571428571,1.5164835164835164,1.3516483516483517,1.9230769230769231,6.406593406593407,"brian-brazil,SuperQ","Robust Perception,IPB",2,111,32.7433628318584071,"SuperQ,brian-brazil","IPB,Robust Perception",2,37,47.4358974358974359,"brian-brazil,stuartnelson3","Robust Perception,DigitalOcean",2,55,39.8550724637681159,"brian-brazil,SuperQ","Robust Perception,IPB",2,31,25.2032520325203252,"brian-brazil,simonpasquier","Robust Perception,Mirantis",2,77,44.0000000000000000,"brian-brazil,SuperQ","Robust Perception,IPB",2,181,31.0463121783876501
